제목,가수
너의 발걸음에 빛을 비춰줄게 (Prod. 조영수),케이시
Timeless,SG워너비
롤린 (Rollin'),브레이브걸스(Brave Girls)
라일락,아이유(IU)
운전만해 (We Ride),브레이브걸스(Brave Girls)
안녕이란 (Two Letters),황치열
"Peaches (feat. Daniel Caesar, Giveon)",Justin Bieber(저스틴 비버)
내사람: Partner For Life,SG워너비
라라라,SG워너비
죄와 벌,SG워너비
Celebrity,아이유(IU)
Coin,아이유(IU)
ASAP,STAYC(스테이씨)
어푸 (Ah puh),아이유(IU)
살다가,SG워너비
INSIDE OUT,뉴이스트
그냥 안아달란 말야,다비치
내 손을 잡아,아이유(IU)
아리랑,SG워너비
Dynamite,방탄소년단
Leave The Door Open,Bruno Mars(브루노 마스)
On The Ground,로제(ROSÉ)
아이와 나의 바다,아이유(IU)
감아 (CLOSE),AB6IX (에이비식스)
Flu,아이유(IU)
돌림노래 (Feat. DEAN),아이유(IU)
말 되지 않을 건 없잖아,데이브레이크(DAYBREAK)
Kiss Me More (feat. SZA),Doja Cat(도자 캣)
봄 안녕 봄,아이유(IU)
들려줄게,닐로(Nilo)
"LOVE DAY (2021) (바른연애 길잡이 X 양요섭, 정은지)",양요섭
Beautiful Mistakes,Maroon 5(마룬 파이브)
Off My Face,Justin Bieber(저스틴 비버)
Daisy (Feat. pH-1),미란이
밤편지,아이유(IU)
바람만바람만,김종국
Save Your Tears (Remix),The Weeknd(위켄드)
Blueming,아이유(IU)
빈 컵 (Empty Cup),아이유(IU)
한여름날의 꿈 (duet with 옥주현),SG워너비
이렇게 좋아해 본 적이 없어요,CHEEZE(치즈)
광(狂),SG워너비
At My Worst,Pink Sweat$
Lovesick Girls,BLACKPINK
Like Water,웬디(WENDY)
UNNATURAL,우주소녀
멜로디,ASH ISLAND
에잇(Prod.&Feat. SUGA of BTS),아이유(IU)
You make Me,DAY6 (데이식스)
흔들리는 꽃들 속에서 네 샴푸향이 느껴진거야,장범준
water color,휘인(Whee In)
끗발 (Feat. 현진영) (Big Band Ver.),이재영
Atlantis,SHINee (샤이니)
parachute,John K
에필로그,아이유(IU)
Like 1999,Valley
나랑 같이 걸을래 (바른연애 길잡이 X 적재),적재
Don't Call Me,SHINee (샤이니)
밤하늘의 별을(2020),경서
Life Goes On,방탄소년단
해바라기,SG워너비
기다릴게,하동균
Savage Love (Laxed - Siren Beat) (BTS Remix),Jawsh 685
취기를 빌려 (취향저격 그녀 X 산들),산들
잠이 오질 않네요,장범준
그렇게 말해줘서 고마워,한동근
밝게 빛나는 별이 되어 비춰줄게,송이한
이 밤을 빌려 말해요 (바른연애 길잡이 X 10CM),10CM
밤새 (취향저격 그녀 X 카더가든),카더가든
"사이렌 Remix (Feat. UNEDUCATED KID, Paul Blanco)",호미들
"어떻게 이별까지 사랑하겠어, 널 사랑하는 거지",AKMU (악동뮤지션)
12:45 (Stripped),Etham
Dolphin,오마이걸(OH MY GIRL)
2002,Anne-Marie(앤 마리)
"모든 날, 모든 순간 (Every day, Every Moment)",폴킴(Paul Kim)
Gone,로제(ROSÉ)
상상더하기,라붐(LABOUM)
Bittersweet (Feat. ron),Kid Milli
작은 것들을 위한 시 (Boy With Luv) (Feat. Halsey),방탄소년단
오래된 노래,스탠딩 에그(Standing Egg)
METEOR,창모(CHANGMO)
r u ok,Tate McRae
하이힐,브레이브걸스(Brave Girls)
살짝 설렜어 (Nonstop),오마이걸(OH MY GIRL)
VVS (Feat. JUSTHIS) (Prod. GroovyRoom),미란이
슬픔활용법,김범수
그때 그 아인,김필(Kim Feel)
Let It Ring,Reiley
가슴 뛰도록,SG워너비
Bang!,AJR
Square (2017),백예린 (Yerin Baek)
감사,김동률
뜨거운 여름밤은 가고 남은 건 볼품없지만,잔나비
그 한마디 (바른연애 길잡이 X 이하이),이하이
You,Regard
"다신, 너에게(Rewind)",트웰브 (twlv)
Chris Brown Moves Remix,빠큐
V I S I O N 2021 (Feat. ron),Kid Milli
Healer,DAY6 (데이식스)
꼬리 (TAIL),선미
